"referenceNumber-numeroReference","solicitationNumber-numeroSollicitation","title-titre-eng","publicationDate-datePublication","tenderClosingDate-appelOffresDateCloture","tenderStatus-appelOffresStatut-eng","tenderDescription-descriptionAppelOffres-eng","noticeType-avisType-eng","procurementCategory-categorieApprovisionnement","procurementMethod-methodeApprovisionnement-eng","gsin-nibs","unspsc","regionsOfOpportunity-regionAppelOffres-eng","regionsOfDelivery-regionsLivraison-eng","contractingEntityName-nomEntitContractante-eng","selectionCriteria-criteresSelection-eng","tradeAgreements-accordsCommerciaux-eng","noticeURL-URLavis-eng","attachment-piecesJointes-eng"
"TD-2026-001","EN578-260001/A","Janitorial Services - 25 Eddy Street, Gatineau","2026-08-12","2026-09-25 14:00:00","Open","Public Services and Procurement Canada requires comprehensive janitorial and custodial services for a 12,000 m2 federal office building at 25 Eddy Street, Gatineau, Quebec. Services include daily cleaning, waste and recycling collection, carpet care, and window cleaning for a period of three (3) years with two (2) one-year option periods. Bidders must demonstrate three (3) years of relevant experience with buildings of comparable size and hold valid WSIB/CNESST clearance. Green cleaning practices are a rated requirement.","Request for Proposal","SRV","Competitive - Open Bidding","K122A","76111501","National Capital Region","Quebec","Public Services and Procurement Canada","Lowest priced compliant bid meeting all mandatory technical criteria; rated requirements weighted 30%","CFTA, CETA, CPTPP","https://canadabuys.canada.ca/en/tender-opportunities/tender-notice/TD-2026-001","https://canadabuys.canada.ca/documents/TD-2026-001-RFP.pdf, https://canadabuys.canada.ca/documents/TD-2026-001-Annexes.pdf"
"TD-2026-002","W6369-260045/B","Snow and Ice Control Services - Garrison Petawawa","2026-08-15","2026-10-02 14:00:00","Open","Defence Construction Canada, on behalf of the Department of National Defence, requires snow removal and ice control services for roads, parking areas, and walkways at Garrison Petawawa, Ontario for the 2026-2029 winter seasons. The Contractor must supply all equipment, operators, and salt/abrasives. Mandatory site visit scheduled for 10 September 2026. Federal Reliability Status security screening required for site supervisors.","Request for Proposal","SRV","Competitive - Open Bidding","K130B","72102902","Ontario","Ontario","Defence Construction Canada","Mandatory criteria pass/fail; price 60%, technical 40%","CFTA","https://canadabuys.canada.ca/en/tender-opportunities/tender-notice/TD-2026-002","https://canadabuys.canada.ca/documents/TD-2026-002-RFP.pdf"
"TD-2026-003","CPC-2026-EO-778","Preventive HVAC Maintenance - Eastern Ontario Depots","2026-08-10","2026-09-18 15:00:00","Open","Canada Post Corporation seeks a qualified mechanical contractor to deliver preventive and corrective HVAC maintenance across seven (7) mail processing and depot facilities in Eastern Ontario (Ottawa, Kingston, Cornwall). Scope includes quarterly preventive maintenance, filter programs, refrigerant management compliance, and 24/7 emergency response with a four-hour on-site guarantee. TSSA-licensed technicians required.","Request for Proposal","SRV","Competitive - Open Bidding","J039A","72101511","Ontario","Ontario","Canada Post Corporation","Highest combined rating of technical merit (50%) and price (50%)","CFTA","https://canadabuys.canada.ca/en/tender-opportunities/tender-notice/TD-2026-003","https://canadabuys.canada.ca/documents/TD-2026-003-SOW.pdf"
"TD-2026-004","W0103-26F011/A","Facility Maintenance and Grounds Services - CFB Kingston","2026-08-18","2026-10-15 14:00:00","Open","The Department of National Defence requires integrated facility maintenance services at Canadian Forces Base Kingston, comprising janitorial services for administrative buildings, grounds maintenance including turf and grounds keeping, minor building maintenance and repair, and seasonal snow and ice control for designated zones. Contract period is five (5) years. This procurement is subject to the Small Business Procurement Program small business lens. Bidders must hold COR or equivalent safety certification and provide proof of $5M commercial general liability insurance. Site supervisors require Reliability Status.","Request for Proposal","SRVTGD","Competitive - Open Bidding","K122B","76111501*72101500","Ontario","Ontario","Department of National Defence","Mandatory criteria pass/fail; best value: technical 55%, price 45%","CFTA","https://canadabuys.canada.ca/en/tender-opportunities/tender-notice/TD-2026-004","https://canadabuys.canada.ca/documents/TD-2026-004-RFP.pdf, https://canadabuys.canada.ca/documents/TD-2026-004-SecurityAnnex.pdf"
"TD-2026-005","EN869-260112/C","IT Service Desk Support Services","2026-08-05","2026-09-30 14:00:00","Open","Shared Services Canada requires bilingual Tier 1 and Tier 2 IT service desk support services for federal departments in the National Capital Region. Resources must hold Reliability Status and demonstrate ITIL v4 certification. This requirement is being run under the ProServices supply arrangement.","Request for Proposal","SRV","Competitive - Selective Tendering","D302A","81111811","National Capital Region","National Capital Region","Shared Services Canada","Lowest cost per point","CFTA, CETA","https://canadabuys.canada.ca/en/tender-opportunities/tender-notice/TD-2026-005","https://canadabuys.canada.ca/documents/TD-2026-005-RFP.pdf"
"TD-2026-006","BCH-ON-2026-014","Site Preparation and Servicing - Build Canada Homes Ottawa Site","2026-08-16","2026-10-08 14:00:00","Open","Build Canada Homes requires site preparation, excavation, and municipal servicing for a factory-built housing development at the former CFB Rockcliffe lands, Ottawa. Work includes clearing, grading, storm and sanitary connections, and access roads to support modular home installation beginning spring 2027. Buy Canadian material requirements apply to structural steel and lumber.","Request for Proposal","CNST","Competitive - Open Bidding","5111A","72121400","Ontario","Ontario","Build Canada Homes","Price 70%, schedule and Indigenous participation plan 30%","CFTA","https://canadabuys.canada.ca/en/tender-opportunities/tender-notice/TD-2026-006","https://canadabuys.canada.ca/documents/TD-2026-006-RFP.pdf"
"TD-2026-007","W8485-260233/A","Hangar and Aircraft Support Area Cleaning - 8 Wing Trenton","2026-08-14","2026-09-28 14:00:00","Open","The Department of National Defence requires specialized cleaning services for aircraft hangars and aircraft support areas at 8 Wing Trenton, including degreasing of hangar floors, foreign object debris (FOD) control programs, and cleaning adjacent to aircraft maintenance operations. Controlled Goods Program registration is mandatory. Secret-level facility security clearance required.","Request for Proposal","SRV","Competitive - Open Bidding","K122C","76111503","Ontario","Ontario","Department of National Defence","Mandatory criteria pass/fail; lowest priced compliant","CFTA","https://canadabuys.canada.ca/en/tender-opportunities/tender-notice/TD-2026-007","https://canadabuys.canada.ca/documents/TD-2026-007-RFP.pdf"
"TD-2026-008","EZ899-260067/A","Custodial Services - Government of Canada Building, Moncton","2026-08-11","2026-09-22 14:00:00","Open","Public Services and Procurement Canada requires custodial and cleaning services for a federal office building in Moncton, New Brunswick. Daily janitorial services, waste diversion program support, and periodic deep cleaning over a three-year period.","Request for Proposal","SRV","Competitive - Open Bidding","K122A","76111501","New Brunswick","New Brunswick","Public Services and Procurement Canada","Lowest priced compliant bid","CFTA","https://canadabuys.canada.ca/en/tender-opportunities/tender-notice/TD-2026-008","https://canadabuys.canada.ca/documents/TD-2026-008-RFP.pdf"
"TD-2026-009","EN578-260089/A","Janitorial Services - Laurier Avenue Complex (URGENT)","2026-08-19","2026-08-24 14:00:00","Open","Public Services and Procurement Canada requires interim janitorial services for the Laurier Avenue office complex, Ottawa, on an urgent basis following contractor default. Short-term six-month contract.","Request for Proposal","SRV","Competitive - Open Bidding","K122A","76111501","National Capital Region","Ontario","Public Services and Procurement Canada","Lowest priced compliant bid","CFTA","https://canadabuys.canada.ca/en/tender-opportunities/tender-notice/TD-2026-009","https://canadabuys.canada.ca/documents/TD-2026-009-RFP.pdf"
